﻿{"cameraMode":{"drawMode":0,"name":"Shaded","section":"Shading Mode"},"sceneLighting":false,"audioPlay":false,"sceneViewState":{"showFog":true,"showMaterialUpdate":false,"showSkybox":false,"showFlares":true,"showImageEffects":true,"showParticleSystems":true},"in2DMode":false,"pivot":{"x":-3.4000000953674318,"y":0.2531522512435913,"z":-3.5999999046325685},"rotation":{"x":-0.3055945336818695,"y":0.09888304769992829,"z":-0.03192692995071411,"w":-0.9464749097824097},"size":20.832799911499025,"orthographic":false}