﻿{"cameraMode":{"drawMode":0,"name":"Shaded","section":"Shading Mode"},"sceneLighting":false,"audioPlay":false,"sceneViewState":{"showFog":true,"showMaterialUpdate":false,"showSkybox":false,"showFlares":true,"showImageEffects":true,"showParticleSystems":true},"in2DMode":false,"pivot":{"x":18.853788375854493,"y":-26.353960037231447,"z":12.650193214416504},"rotation":{"x":-0.33732298016548159,"y":-0.6060687303543091,"z":0.3157660961151123,"w":-0.6474454998970032},"size":83.11032104492188,"orthographic":false}