﻿{"cameraMode":{"drawMode":0,"name":"Shaded","section":"Shading Mode"},"sceneLighting":false,"audioPlay":false,"sceneViewState":{"showFog":true,"showMaterialUpdate":false,"showSkybox":false,"showFlares":true,"showImageEffects":true,"showParticleSystems":true},"in2DMode":false,"pivot":{"x":0.42743998765945437,"y":0.20999997854232789,"z":-0.604651689529419},"rotation":{"x":-0.3055945336818695,"y":0.09888304769992829,"z":-0.03192692995071411,"w":-0.9464749097824097},"size":2.8578836917877199,"orthographic":false}