﻿{"cameraMode":{"drawMode":0,"name":"Shaded","section":"Shading Mode"},"sceneLighting":false,"audioPlay":false,"sceneViewState":{"showFog":true,"showMaterialUpdate":false,"showSkybox":false,"showFlares":true,"showImageEffects":true,"showParticleSystems":true},"in2DMode":false,"pivot":{"x":-29.624267578125,"y":41.18672561645508,"z":-4.514442443847656},"rotation":{"x":-0.3776099681854248,"y":-0.1756007820367813,"z":0.07317134737968445,"w":-0.9062125086784363},"size":63.635215759277347,"orthographic":false}